{
  "next.config.ts": 1776692598.4303544,
  "next-env.d.ts": 1776699499.328565,
  "src/app/layout.tsx": 1776700686.115806,
  "src/app/page.tsx": 1776700255.0484004,
  "src/app/activity/page.tsx": 1776698520.1842294,
  "src/lib/constants.ts": 1776699649.702384,
  "src/lib/privacy.ts": 1776697164.7369184,
  "src/lib/test-score.ts": 1776696926.9916437,
  "src/actions/consent.ts": 1776693083.729565,
  "src/components/consent/CompanyCard.tsx": 1776698986.954195,
  "src/components/consent/NodeGraph.tsx": 1776698076.5020328,
  "src/components/consent/ServiceDetailDrawer.tsx": 1776697885.4535296,
  "src/components/layout/Container.tsx": 1776693102.3253477,
  "src/components/layout/Sidebar.tsx": 1776703128.1249592,
  "src/context/ConsentContext.tsx": 1776698492.497588,
  "README.md": 1776692598.4303544,
  "AGENTS.md": 1776692600.732226,
  "CLAUDE.md": 1776705085.5783823,
  "GEMINI.md": 1776705084.7212324,
  "Consently_BRANDBOOK.md": 1776692685.9043062,
  "docs/Claude.md": 1776692333.3349028,
  "docs/Consently_DESIGN.md": 1776692306.2042565,
  "docs/Consently_PRD.md": 1776692293.7134194,
  "docs/Gemini.md": 1776692320.2010741,
  "docs/UserFlowReport.md": 1776705083.109414,
  "public/file.svg": 1776692598.4302828,
  "public/globe.svg": 1776692598.4303544,
  "public/next.svg": 1776692598.4303544,
  "public/vercel.svg": 1776692598.4303544,
  "public/window.svg": 1776692598.4303544
}